[
{
    "model": "admin.logentry",
    "pk": 1,
    "fields": {
        "action_time": "2023-04-05T16:22:27.881Z",
        "user": 1,
        "content_type": 10,
        "object_id": "1",
        "object_repr": "Мужчина",
        "action_flag": 1,
        "change_message": "[{\"added\": {}}]"
    }
},
{
    "model": "admin.logentry",
    "pk": 2,
    "fields": {
        "action_time": "2023-04-05T16:22:32.733Z",
        "user": 1,
        "content_type": 10,
        "object_id": "2",
        "object_repr": "Женщина",
        "action_flag": 1,
        "change_message": "[{\"added\": {}}]"
    }
},
{
    "model": "admin.logentry",
    "pk": 3,
    "fields": {
        "action_time": "2023-04-05T16:22:39.399Z",
        "user": 1,
        "content_type": 10,
        "object_id": "3",
        "object_repr": "Все",
        "action_flag": 1,
        "change_message": "[{\"added\": {}}]"
    }
},
{
    "model": "admin.logentry",
    "pk": 4,
    "fields": {
        "action_time": "2023-04-05T16:22:51.391Z",
        "user": 1,
        "content_type": 8,
        "object_id": "1",
        "object_repr": "Андижан",
        "action_flag": 1,
        "change_message": "[{\"added\": {}}]"
    }
},
{
    "model": "admin.logentry",
    "pk": 5,
    "fields": {
        "action_time": "2023-04-05T16:22:55.316Z",
        "user": 1,
        "content_type": 8,
        "object_id": "2",
        "object_repr": "Ферагана",
        "action_flag": 1,
        "change_message": "[{\"added\": {}}]"
    }
},
{
    "model": "admin.logentry",
    "pk": 6,
    "fields": {
        "action_time": "2023-04-05T16:23:02.573Z",
        "user": 1,
        "content_type": 8,
        "object_id": "3",
        "object_repr": "Наманган",
        "action_flag": 1,
        "change_message": "[{\"added\": {}}]"
    }
},
{
    "model": "admin.logentry",
    "pk": 7,
    "fields": {
        "action_time": "2023-04-05T16:23:06.279Z",
        "user": 1,
        "content_type": 8,
        "object_id": "4",
        "object_repr": "Самарканд",
        "action_flag": 1,
        "change_message": "[{\"added\": {}}]"
    }
},
{
    "model": "admin.logentry",
    "pk": 8,
    "fields": {
        "action_time": "2023-04-05T16:23:14.793Z",
        "user": 1,
        "content_type": 8,
        "object_id": "5",
        "object_repr": "Коканд",
        "action_flag": 1,
        "change_message": "[{\"added\": {}}]"
    }
},
{
    "model": "admin.logentry",
    "pk": 9,
    "fields": {
        "action_time": "2023-04-05T16:23:27.049Z",
        "user": 1,
        "content_type": 7,
        "object_id": "1",
        "object_repr": "Телеграм",
        "action_flag": 1,
        "change_message": "[{\"added\": {}}]"
    }
},
{
    "model": "admin.logentry",
    "pk": 10,
    "fields": {
        "action_time": "2023-04-05T16:24:47.814Z",
        "user": 1,
        "content_type": 14,
        "object_id": "1",
        "object_repr": "День рождения, Женщина ",
        "action_flag": 1,
        "change_message": "[{\"added\": {}}]"
    }
},
{
    "model": "admin.logentry",
    "pk": 11,
    "fields": {
        "action_time": "2023-04-05T16:25:16.208Z",
        "user": 1,
        "content_type": 14,
        "object_id": "2",
        "object_repr": "День рождения, Мужчина ",
        "action_flag": 1,
        "change_message": "[{\"added\": {}}]"
    }
},
{
    "model": "admin.logentry",
    "pk": 12,
    "fields": {
        "action_time": "2023-04-05T16:25:39.839Z",
        "user": 1,
        "content_type": 14,
        "object_id": "3",
        "object_repr": "Коммерческое предложение, Все ",
        "action_flag": 1,
        "change_message": "[{\"added\": {}}]"
    }
},
{
    "model": "admin.logentry",
    "pk": 13,
    "fields": {
        "action_time": "2023-04-05T16:26:01.727Z",
        "user": 1,
        "content_type": 14,
        "object_id": "4",
        "object_repr": "Праздники, Мужчина ",
        "action_flag": 1,
        "change_message": "[{\"added\": {}}]"
    }
},
{
    "model": "admin.logentry",
    "pk": 14,
    "fields": {
        "action_time": "2023-04-05T16:26:13.653Z",
        "user": 1,
        "content_type": 14,
        "object_id": "5",
        "object_repr": "Праздники, Женщина ",
        "action_flag": 1,
        "change_message": "[{\"added\": {}}]"
    }
},
{
    "model": "admin.logentry",
    "pk": 15,
    "fields": {
        "action_time": "2023-04-05T16:26:23.317Z",
        "user": 1,
        "content_type": 14,
        "object_id": "6",
        "object_repr": "Праздники, Все ",
        "action_flag": 1,
        "change_message": "[{\"added\": {}}]"
    }
},
{
    "model": "admin.logentry",
    "pk": 16,
    "fields": {
        "action_time": "2023-04-05T16:27:07.388Z",
        "user": 1,
        "content_type": 6,
        "object_id": "2",
        "object_repr": "zadr9833@gmail.com",
        "action_flag": 1,
        "change_message": "[{\"added\": {}}]"
    }
},
{
    "model": "admin.logentry",
    "pk": 17,
    "fields": {
        "action_time": "2023-04-05T16:27:12.977Z",
        "user": 1,
        "content_type": 6,
        "object_id": "2",
        "object_repr": "zadr9833@gmail.com",
        "action_flag": 2,
        "change_message": "[]"
    }
},
{
    "model": "admin.logentry",
    "pk": 18,
    "fields": {
        "action_time": "2023-04-05T16:38:45.378Z",
        "user": 1,
        "content_type": 12,
        "object_id": "1",
        "object_repr": "День Рождения, None ",
        "action_flag": 1,
        "change_message": "[{\"added\": {}}]"
    }
},
{
    "model": "admin.logentry",
    "pk": 19,
    "fields": {
        "action_time": "2023-04-05T16:40:05.474Z",
        "user": 1,
        "content_type": 12,
        "object_id": "2",
        "object_repr": "8 марта, 2023-04-06 ",
        "action_flag": 1,
        "change_message": "[{\"added\": {}}]"
    }
},
{
    "model": "admin.logentry",
    "pk": 20,
    "fields": {
        "action_time": "2023-04-05T16:40:43.462Z",
        "user": 1,
        "content_type": 12,
        "object_id": "3",
        "object_repr": "Навруз, 2023-04-05 ",
        "action_flag": 1,
        "change_message": "[{\"added\": {}}]"
    }
},
{
    "model": "admin.logentry",
    "pk": 21,
    "fields": {
        "action_time": "2023-04-05T16:41:44.336Z",
        "user": 1,
        "content_type": 12,
        "object_id": "1",
        "object_repr": "День Рождения, None ",
        "action_flag": 2,
        "change_message": "[{\"changed\": {\"fields\": [\"congratulation\"]}}]"
    }
},
{
    "model": "admin.logentry",
    "pk": 22,
    "fields": {
        "action_time": "2023-04-05T16:42:14.575Z",
        "user": 1,
        "content_type": 12,
        "object_id": "1",
        "object_repr": "День Рождения, None ",
        "action_flag": 2,
        "change_message": "[{\"changed\": {\"fields\": [\"congratulation\"]}}]"
    }
},
{
    "model": "admin.logentry",
    "pk": 23,
    "fields": {
        "action_time": "2023-04-05T16:47:21.657Z",
        "user": 1,
        "content_type": 15,
        "object_id": "8",
        "object_repr": "False",
        "action_flag": 3,
        "change_message": ""
    }
},
{
    "model": "admin.logentry",
    "pk": 24,
    "fields": {
        "action_time": "2023-04-05T16:47:21.661Z",
        "user": 1,
        "content_type": 15,
        "object_id": "7",
        "object_repr": "False",
        "action_flag": 3,
        "change_message": ""
    }
},
{
    "model": "admin.logentry",
    "pk": 25,
    "fields": {
        "action_time": "2023-04-05T16:47:21.663Z",
        "user": 1,
        "content_type": 15,
        "object_id": "6",
        "object_repr": "False",
        "action_flag": 3,
        "change_message": ""
    }
},
{
    "model": "admin.logentry",
    "pk": 26,
    "fields": {
        "action_time": "2023-04-05T16:47:21.665Z",
        "user": 1,
        "content_type": 15,
        "object_id": "5",
        "object_repr": "False",
        "action_flag": 3,
        "change_message": ""
    }
},
{
    "model": "admin.logentry",
    "pk": 27,
    "fields": {
        "action_time": "2023-04-05T16:47:21.667Z",
        "user": 1,
        "content_type": 15,
        "object_id": "4",
        "object_repr": "False",
        "action_flag": 3,
        "change_message": ""
    }
},
{
    "model": "admin.logentry",
    "pk": 28,
    "fields": {
        "action_time": "2023-04-05T16:47:21.669Z",
        "user": 1,
        "content_type": 15,
        "object_id": "3",
        "object_repr": "False",
        "action_flag": 3,
        "change_message": ""
    }
},
{
    "model": "admin.logentry",
    "pk": 29,
    "fields": {
        "action_time": "2023-04-05T16:47:21.670Z",
        "user": 1,
        "content_type": 15,
        "object_id": "2",
        "object_repr": "False",
        "action_flag": 3,
        "change_message": ""
    }
},
{
    "model": "admin.logentry",
    "pk": 30,
    "fields": {
        "action_time": "2023-04-05T16:47:21.672Z",
        "user": 1,
        "content_type": 15,
        "object_id": "1",
        "object_repr": "False",
        "action_flag": 3,
        "change_message": ""
    }
},
{
    "model": "admin.logentry",
    "pk": 31,
    "fields": {
        "action_time": "2023-04-05T16:49:10.641Z",
        "user": 1,
        "content_type": 15,
        "object_id": "12",
        "object_repr": "False",
        "action_flag": 3,
        "change_message": ""
    }
},
{
    "model": "admin.logentry",
    "pk": 32,
    "fields": {
        "action_time": "2023-04-05T16:49:10.644Z",
        "user": 1,
        "content_type": 15,
        "object_id": "11",
        "object_repr": "False",
        "action_flag": 3,
        "change_message": ""
    }
},
{
    "model": "admin.logentry",
    "pk": 33,
    "fields": {
        "action_time": "2023-04-05T16:49:10.645Z",
        "user": 1,
        "content_type": 15,
        "object_id": "10",
        "object_repr": "False",
        "action_flag": 3,
        "change_message": ""
    }
},
{
    "model": "admin.logentry",
    "pk": 34,
    "fields": {
        "action_time": "2023-04-05T16:49:10.647Z",
        "user": 1,
        "content_type": 15,
        "object_id": "9",
        "object_repr": "False",
        "action_flag": 3,
        "change_message": ""
    }
},
{
    "model": "admin.logentry",
    "pk": 35,
    "fields": {
        "action_time": "2023-04-05T16:55:44.562Z",
        "user": 1,
        "content_type": 15,
        "object_id": "25",
        "object_repr": "False",
        "action_flag": 3,
        "change_message": ""
    }
},
{
    "model": "admin.logentry",
    "pk": 36,
    "fields": {
        "action_time": "2023-04-05T16:55:44.565Z",
        "user": 1,
        "content_type": 15,
        "object_id": "24",
        "object_repr": "False",
        "action_flag": 3,
        "change_message": ""
    }
},
{
    "model": "admin.logentry",
    "pk": 37,
    "fields": {
        "action_time": "2023-04-05T16:55:44.567Z",
        "user": 1,
        "content_type": 15,
        "object_id": "23",
        "object_repr": "False",
        "action_flag": 3,
        "change_message": ""
    }
},
{
    "model": "admin.logentry",
    "pk": 38,
    "fields": {
        "action_time": "2023-04-05T16:55:44.569Z",
        "user": 1,
        "content_type": 15,
        "object_id": "22",
        "object_repr": "False",
        "action_flag": 3,
        "change_message": ""
    }
},
{
    "model": "admin.logentry",
    "pk": 39,
    "fields": {
        "action_time": "2023-04-05T16:55:44.571Z",
        "user": 1,
        "content_type": 15,
        "object_id": "21",
        "object_repr": "False",
        "action_flag": 3,
        "change_message": ""
    }
},
{
    "model": "admin.logentry",
    "pk": 40,
    "fields": {
        "action_time": "2023-04-05T16:55:44.573Z",
        "user": 1,
        "content_type": 15,
        "object_id": "20",
        "object_repr": "False",
        "action_flag": 3,
        "change_message": ""
    }
},
{
    "model": "admin.logentry",
    "pk": 41,
    "fields": {
        "action_time": "2023-04-05T16:55:44.574Z",
        "user": 1,
        "content_type": 15,
        "object_id": "19",
        "object_repr": "False",
        "action_flag": 3,
        "change_message": ""
    }
},
{
    "model": "admin.logentry",
    "pk": 42,
    "fields": {
        "action_time": "2023-04-05T16:55:44.576Z",
        "user": 1,
        "content_type": 15,
        "object_id": "18",
        "object_repr": "False",
        "action_flag": 3,
        "change_message": ""
    }
},
{
    "model": "admin.logentry",
    "pk": 43,
    "fields": {
        "action_time": "2023-04-05T16:55:44.578Z",
        "user": 1,
        "content_type": 15,
        "object_id": "17",
        "object_repr": "False",
        "action_flag": 3,
        "change_message": ""
    }
},
{
    "model": "admin.logentry",
    "pk": 44,
    "fields": {
        "action_time": "2023-04-05T16:55:44.580Z",
        "user": 1,
        "content_type": 15,
        "object_id": "16",
        "object_repr": "False",
        "action_flag": 3,
        "change_message": ""
    }
},
{
    "model": "admin.logentry",
    "pk": 45,
    "fields": {
        "action_time": "2023-04-05T16:55:44.581Z",
        "user": 1,
        "content_type": 15,
        "object_id": "15",
        "object_repr": "False",
        "action_flag": 3,
        "change_message": ""
    }
},
{
    "model": "admin.logentry",
    "pk": 46,
    "fields": {
        "action_time": "2023-04-05T16:55:44.586Z",
        "user": 1,
        "content_type": 15,
        "object_id": "14",
        "object_repr": "False",
        "action_flag": 3,
        "change_message": ""
    }
},
{
    "model": "admin.logentry",
    "pk": 47,
    "fields": {
        "action_time": "2023-04-05T16:55:44.588Z",
        "user": 1,
        "content_type": 15,
        "object_id": "13",
        "object_repr": "False",
        "action_flag": 3,
        "change_message": ""
    }
},
{
    "model": "admin.logentry",
    "pk": 48,
    "fields": {
        "action_time": "2023-04-05T16:56:39.404Z",
        "user": 1,
        "content_type": 15,
        "object_id": "33",
        "object_repr": "False",
        "action_flag": 3,
        "change_message": ""
    }
},
{
    "model": "admin.logentry",
    "pk": 49,
    "fields": {
        "action_time": "2023-04-05T16:56:39.407Z",
        "user": 1,
        "content_type": 15,
        "object_id": "32",
        "object_repr": "False",
        "action_flag": 3,
        "change_message": ""
    }
},
{
    "model": "admin.logentry",
    "pk": 50,
    "fields": {
        "action_time": "2023-04-05T16:56:39.408Z",
        "user": 1,
        "content_type": 15,
        "object_id": "31",
        "object_repr": "False",
        "action_flag": 3,
        "change_message": ""
    }
},
{
    "model": "admin.logentry",
    "pk": 51,
    "fields": {
        "action_time": "2023-04-05T16:56:39.409Z",
        "user": 1,
        "content_type": 15,
        "object_id": "30",
        "object_repr": "False",
        "action_flag": 3,
        "change_message": ""
    }
},
{
    "model": "admin.logentry",
    "pk": 52,
    "fields": {
        "action_time": "2023-04-05T16:56:39.411Z",
        "user": 1,
        "content_type": 15,
        "object_id": "29",
        "object_repr": "False",
        "action_flag": 3,
        "change_message": ""
    }
},
{
    "model": "admin.logentry",
    "pk": 53,
    "fields": {
        "action_time": "2023-04-05T16:56:39.412Z",
        "user": 1,
        "content_type": 15,
        "object_id": "28",
        "object_repr": "False",
        "action_flag": 3,
        "change_message": ""
    }
},
{
    "model": "admin.logentry",
    "pk": 54,
    "fields": {
        "action_time": "2023-04-05T16:56:39.413Z",
        "user": 1,
        "content_type": 15,
        "object_id": "27",
        "object_repr": "False",
        "action_flag": 3,
        "change_message": ""
    }
},
{
    "model": "admin.logentry",
    "pk": 55,
    "fields": {
        "action_time": "2023-04-05T16:56:39.415Z",
        "user": 1,
        "content_type": 15,
        "object_id": "26",
        "object_repr": "False",
        "action_flag": 3,
        "change_message": ""
    }
},
{
    "model": "admin.logentry",
    "pk": 56,
    "fields": {
        "action_time": "2023-04-05T18:48:14.225Z",
        "user": 1,
        "content_type": 15,
        "object_id": "37",
        "object_repr": "False",
        "action_flag": 3,
        "change_message": ""
    }
},
{
    "model": "admin.logentry",
    "pk": 57,
    "fields": {
        "action_time": "2023-04-05T18:48:14.248Z",
        "user": 1,
        "content_type": 15,
        "object_id": "36",
        "object_repr": "False",
        "action_flag": 3,
        "change_message": ""
    }
},
{
    "model": "admin.logentry",
    "pk": 58,
    "fields": {
        "action_time": "2023-04-05T18:52:56.709Z",
        "user": 1,
        "content_type": 14,
        "object_id": "6",
        "object_repr": "Праздники, Все ",
        "action_flag": 2,
        "change_message": "[{\"changed\": {\"fields\": [\"Templates_for_massage\"]}}]"
    }
},
{
    "model": "admin.logentry",
    "pk": 59,
    "fields": {
        "action_time": "2023-04-05T18:53:02.652Z",
        "user": 1,
        "content_type": 14,
        "object_id": "5",
        "object_repr": "Праздники, Женщина ",
        "action_flag": 2,
        "change_message": "[{\"changed\": {\"fields\": [\"Templates_for_massage\"]}}]"
    }
},
{
    "model": "admin.logentry",
    "pk": 60,
    "fields": {
        "action_time": "2023-04-05T18:53:08.020Z",
        "user": 1,
        "content_type": 14,
        "object_id": "4",
        "object_repr": "Праздники, Мужчина ",
        "action_flag": 2,
        "change_message": "[{\"changed\": {\"fields\": [\"Templates_for_massage\"]}}]"
    }
},
{
    "model": "admin.logentry",
    "pk": 61,
    "fields": {
        "action_time": "2023-04-05T18:58:56.267Z",
        "user": 1,
        "content_type": 15,
        "object_id": "40",
        "object_repr": "False",
        "action_flag": 3,
        "change_message": ""
    }
},
{
    "model": "admin.logentry",
    "pk": 62,
    "fields": {
        "action_time": "2023-04-05T18:58:56.270Z",
        "user": 1,
        "content_type": 15,
        "object_id": "39",
        "object_repr": "False",
        "action_flag": 3,
        "change_message": ""
    }
},
{
    "model": "admin.logentry",
    "pk": 63,
    "fields": {
        "action_time": "2023-04-05T18:58:56.271Z",
        "user": 1,
        "content_type": 15,
        "object_id": "38",
        "object_repr": "False",
        "action_flag": 3,
        "change_message": ""
    }
},
{
    "model": "admin.logentry",
    "pk": 64,
    "fields": {
        "action_time": "2023-04-05T19:01:13.529Z",
        "user": 1,
        "content_type": 12,
        "object_id": "3",
        "object_repr": "3",
        "action_flag": 2,
        "change_message": "[{\"changed\": {\"fields\": [\"Holiday date\"]}}]"
    }
},
{
    "model": "admin.logentry",
    "pk": 65,
    "fields": {
        "action_time": "2023-04-05T19:03:24.237Z",
        "user": 1,
        "content_type": 15,
        "object_id": "43",
        "object_repr": "False",
        "action_flag": 3,
        "change_message": ""
    }
},
{
    "model": "admin.logentry",
    "pk": 66,
    "fields": {
        "action_time": "2023-04-05T19:03:24.239Z",
        "user": 1,
        "content_type": 15,
        "object_id": "42",
        "object_repr": "False",
        "action_flag": 3,
        "change_message": ""
    }
},
{
    "model": "admin.logentry",
    "pk": 67,
    "fields": {
        "action_time": "2023-04-05T19:03:24.241Z",
        "user": 1,
        "content_type": 15,
        "object_id": "41",
        "object_repr": "False",
        "action_flag": 3,
        "change_message": ""
    }
},
{
    "model": "admin.logentry",
    "pk": 68,
    "fields": {
        "action_time": "2023-04-05T19:07:14.130Z",
        "user": 1,
        "content_type": 15,
        "object_id": "44",
        "object_repr": "False",
        "action_flag": 3,
        "change_message": ""
    }
},
{
    "model": "admin.logentry",
    "pk": 69,
    "fields": {
        "action_time": "2023-04-05T19:10:42.677Z",
        "user": 1,
        "content_type": 15,
        "object_id": "46",
        "object_repr": "False",
        "action_flag": 2,
        "change_message": "[]"
    }
},
{
    "model": "admin.logentry",
    "pk": 70,
    "fields": {
        "action_time": "2023-04-06T08:31:20.481Z",
        "user": 1,
        "content_type": 14,
        "object_id": "3",
        "object_repr": "Коммерческое предложение, Все ",
        "action_flag": 2,
        "change_message": "[{\"changed\": {\"fields\": [\"Templates_for_massage\"]}}]"
    }
},
{
    "model": "admin.logentry",
    "pk": 71,
    "fields": {
        "action_time": "2023-04-06T08:32:53.945Z",
        "user": 1,
        "content_type": 14,
        "object_id": "3",
        "object_repr": "Коммерческое предложение, Все ",
        "action_flag": 2,
        "change_message": "[{\"changed\": {\"fields\": [\"Templates_for_massage\"]}}]"
    }
},
{
    "model": "admin.logentry",
    "pk": 72,
    "fields": {
        "action_time": "2023-04-06T08:45:11.018Z",
        "user": 1,
        "content_type": 16,
        "object_id": "3",
        "object_repr": "3",
        "action_flag": 3,
        "change_message": ""
    }
},
{
    "model": "admin.logentry",
    "pk": 73,
    "fields": {
        "action_time": "2023-04-06T08:45:11.026Z",
        "user": 1,
        "content_type": 16,
        "object_id": "2",
        "object_repr": "2",
        "action_flag": 3,
        "change_message": ""
    }
},
{
    "model": "admin.logentry",
    "pk": 74,
    "fields": {
        "action_time": "2023-04-06T13:00:25.596Z",
        "user": 1,
        "content_type": 16,
        "object_id": "8",
        "object_repr": "8",
        "action_flag": 3,
        "change_message": ""
    }
},
{
    "model": "admin.logentry",
    "pk": 75,
    "fields": {
        "action_time": "2023-04-06T13:00:25.603Z",
        "user": 1,
        "content_type": 16,
        "object_id": "7",
        "object_repr": "7",
        "action_flag": 3,
        "change_message": ""
    }
},
{
    "model": "admin.logentry",
    "pk": 76,
    "fields": {
        "action_time": "2023-04-06T13:00:25.607Z",
        "user": 1,
        "content_type": 16,
        "object_id": "6",
        "object_repr": "6",
        "action_flag": 3,
        "change_message": ""
    }
},
{
    "model": "admin.logentry",
    "pk": 77,
    "fields": {
        "action_time": "2023-04-06T13:00:25.611Z",
        "user": 1,
        "content_type": 16,
        "object_id": "5",
        "object_repr": "5",
        "action_flag": 3,
        "change_message": ""
    }
},
{
    "model": "admin.logentry",
    "pk": 78,
    "fields": {
        "action_time": "2023-04-06T13:00:25.615Z",
        "user": 1,
        "content_type": 16,
        "object_id": "4",
        "object_repr": "4",
        "action_flag": 3,
        "change_message": ""
    }
},
{
    "model": "admin.logentry",
    "pk": 79,
    "fields": {
        "action_time": "2023-04-06T13:03:38.334Z",
        "user": 1,
        "content_type": 16,
        "object_id": "9",
        "object_repr": "9",
        "action_flag": 3,
        "change_message": ""
    }
},
{
    "model": "admin.logentry",
    "pk": 80,
    "fields": {
        "action_time": "2023-04-06T13:04:26.641Z",
        "user": 1,
        "content_type": 13,
        "object_id": "16",
        "object_repr": "media/2023/04/06/20221001-BridalVeilFalls_ROW4621961303_UHD_AxxAm73.jpg",
        "action_flag": 3,
        "change_message": ""
    }
},
{
    "model": "admin.logentry",
    "pk": 81,
    "fields": {
        "action_time": "2023-04-06T13:04:26.643Z",
        "user": 1,
        "content_type": 13,
        "object_id": "15",
        "object_repr": "media/2023/04/06/20220930-EubalaenaAustralis_ROW4193357269_UHD_IxCudvD.jpg",
        "action_flag": 3,
        "change_message": ""
    }
},
{
    "model": "admin.logentry",
    "pk": 82,
    "fields": {
        "action_time": "2023-04-06T13:04:26.645Z",
        "user": 1,
        "content_type": 13,
        "object_id": "14",
        "object_repr": "media/2023/04/06/20220307-NZTekapo_ROW4001737494_UHD.jpg",
        "action_flag": 3,
        "change_message": ""
    }
},
{
    "model": "admin.logentry",
    "pk": 83,
    "fields": {
        "action_time": "2023-04-06T13:04:43.725Z",
        "user": 1,
        "content_type": 16,
        "object_id": "10",
        "object_repr": "10",
        "action_flag": 3,
        "change_message": ""
    }
},
{
    "model": "admin.logentry",
    "pk": 84,
    "fields": {
        "action_time": "2023-04-06T13:10:44.958Z",
        "user": 1,
        "content_type": 16,
        "object_id": "13",
        "object_repr": "13",
        "action_flag": 3,
        "change_message": ""
    }
},
{
    "model": "admin.logentry",
    "pk": 85,
    "fields": {
        "action_time": "2023-04-06T13:10:44.963Z",
        "user": 1,
        "content_type": 16,
        "object_id": "12",
        "object_repr": "12",
        "action_flag": 3,
        "change_message": ""
    }
},
{
    "model": "admin.logentry",
    "pk": 86,
    "fields": {
        "action_time": "2023-04-06T13:10:44.966Z",
        "user": 1,
        "content_type": 16,
        "object_id": "11",
        "object_repr": "11",
        "action_flag": 3,
        "change_message": ""
    }
},
{
    "model": "admin.logentry",
    "pk": 87,
    "fields": {
        "action_time": "2023-04-06T13:16:10.938Z",
        "user": 1,
        "content_type": 16,
        "object_id": "14",
        "object_repr": "14",
        "action_flag": 3,
        "change_message": ""
    }
},
{
    "model": "admin.logentry",
    "pk": 88,
    "fields": {
        "action_time": "2023-04-06T13:17:19.100Z",
        "user": 1,
        "content_type": 16,
        "object_id": "16",
        "object_repr": "16",
        "action_flag": 3,
        "change_message": ""
    }
},
{
    "model": "admin.logentry",
    "pk": 89,
    "fields": {
        "action_time": "2023-04-06T13:17:19.105Z",
        "user": 1,
        "content_type": 16,
        "object_id": "15",
        "object_repr": "15",
        "action_flag": 3,
        "change_message": ""
    }
},
{
    "model": "admin.logentry",
    "pk": 90,
    "fields": {
        "action_time": "2023-04-06T13:19:57.076Z",
        "user": 1,
        "content_type": 16,
        "object_id": "17",
        "object_repr": "17",
        "action_flag": 3,
        "change_message": ""
    }
},
{
    "model": "admin.logentry",
    "pk": 91,
    "fields": {
        "action_time": "2023-04-06T13:21:32.537Z",
        "user": 1,
        "content_type": 16,
        "object_id": "18",
        "object_repr": "18",
        "action_flag": 3,
        "change_message": ""
    }
},
{
    "model": "admin.logentry",
    "pk": 92,
    "fields": {
        "action_time": "2023-04-06T13:21:57.126Z",
        "user": 1,
        "content_type": 13,
        "object_id": "25",
        "object_repr": "",
        "action_flag": 3,
        "change_message": ""
    }
},
{
    "model": "admin.logentry",
    "pk": 93,
    "fields": {
        "action_time": "2023-04-06T13:21:57.129Z",
        "user": 1,
        "content_type": 13,
        "object_id": "24",
        "object_repr": "media/2023/04/06/20220929-JohnstonWater_ROW9826697684_UHD_M7p4hCn.jpg",
        "action_flag": 3,
        "change_message": ""
    }
},
{
    "model": "admin.logentry",
    "pk": 94,
    "fields": {
        "action_time": "2023-04-06T13:21:57.130Z",
        "user": 1,
        "content_type": 13,
        "object_id": "23",
        "object_repr": "media/2023/04/06/20220929-JohnstonWater_ROW9826697684_UHD.jpg",
        "action_flag": 3,
        "change_message": ""
    }
},
{
    "model": "admin.logentry",
    "pk": 95,
    "fields": {
        "action_time": "2023-04-06T13:21:57.133Z",
        "user": 1,
        "content_type": 13,
        "object_id": "22",
        "object_repr": "",
        "action_flag": 3,
        "change_message": ""
    }
},
{
    "model": "admin.logentry",
    "pk": 96,
    "fields": {
        "action_time": "2023-04-06T13:21:57.137Z",
        "user": 1,
        "content_type": 13,
        "object_id": "21",
        "object_repr": "media/2023/04/06/20220929-JohnstonWater_ROW9826697684_UHD_uI4XOi3.jpg",
        "action_flag": 3,
        "change_message": ""
    }
},
{
    "model": "admin.logentry",
    "pk": 97,
    "fields": {
        "action_time": "2023-04-06T13:21:57.140Z",
        "user": 1,
        "content_type": 13,
        "object_id": "20",
        "object_repr": "",
        "action_flag": 3,
        "change_message": ""
    }
},
{
    "model": "admin.logentry",
    "pk": 98,
    "fields": {
        "action_time": "2023-04-06T13:21:57.143Z",
        "user": 1,
        "content_type": 13,
        "object_id": "19",
        "object_repr": "media/2023/04/06/20220929-JohnstonWater_ROW9826697684_UHD_ZWoNp2B.jpg",
        "action_flag": 3,
        "change_message": ""
    }
},
{
    "model": "admin.logentry",
    "pk": 99,
    "fields": {
        "action_time": "2023-04-06T13:21:57.146Z",
        "user": 1,
        "content_type": 13,
        "object_id": "18",
        "object_repr": "",
        "action_flag": 3,
        "change_message": ""
    }
},
{
    "model": "admin.logentry",
    "pk": 100,
    "fields": {
        "action_time": "2023-04-06T13:21:57.148Z",
        "user": 1,
        "content_type": 13,
        "object_id": "17",
        "object_repr": "media/2023/04/06/20220929-JohnstonWater_ROW9826697684_UHD_P3LD4Jm.jpg",
        "action_flag": 3,
        "change_message": ""
    }
},
{
    "model": "admin.logentry",
    "pk": 101,
    "fields": {
        "action_time": "2023-04-06T13:21:57.150Z",
        "user": 1,
        "content_type": 13,
        "object_id": "13",
        "object_repr": "media/2023/04/06/20221001-BridalVeilFalls_ROW4621961303_UHD.jpg",
        "action_flag": 3,
        "change_message": ""
    }
},
{
    "model": "admin.logentry",
    "pk": 102,
    "fields": {
        "action_time": "2023-04-06T13:21:57.153Z",
        "user": 1,
        "content_type": 13,
        "object_id": "12",
        "object_repr": "media/2023/04/06/20220930-EubalaenaAustralis_ROW4193357269_UHD.jpg",
        "action_flag": 3,
        "change_message": ""
    }
},
{
    "model": "admin.logentry",
    "pk": 103,
    "fields": {
        "action_time": "2023-04-06T13:21:57.154Z",
        "user": 1,
        "content_type": 13,
        "object_id": "11",
        "object_repr": "media/2023/04/06/20220928-FosterCoveredBridge_ROW3714660823_UHD_CQVpnnY.jpg",
        "action_flag": 3,
        "change_message": ""
    }
},
{
    "model": "admin.logentry",
    "pk": 104,
    "fields": {
        "action_time": "2023-04-06T13:21:57.156Z",
        "user": 1,
        "content_type": 13,
        "object_id": "10",
        "object_repr": "media/2023/04/06/doc_2023-04-06_15-01-50.mp4",
        "action_flag": 3,
        "change_message": ""
    }
},
{
    "model": "admin.logentry",
    "pk": 105,
    "fields": {
        "action_time": "2023-04-06T13:21:57.158Z",
        "user": 1,
        "content_type": 13,
        "object_id": "9",
        "object_repr": "media/2023/04/06/20220929-JohnstonWater_ROW9826697684_UHD.jpg",
        "action_flag": 3,
        "change_message": ""
    }
},
{
    "model": "admin.logentry",
    "pk": 106,
    "fields": {
        "action_time": "2023-04-06T13:21:57.159Z",
        "user": 1,
        "content_type": 13,
        "object_id": "8",
        "object_repr": "media/2023/04/06/20220928-FosterCoveredBridge_ROW3714660823_UHD_MxUbXbO.jpg",
        "action_flag": 3,
        "change_message": ""
    }
},
{
    "model": "admin.logentry",
    "pk": 107,
    "fields": {
        "action_time": "2023-04-06T13:21:57.161Z",
        "user": 1,
        "content_type": 13,
        "object_id": "7",
        "object_repr": "media/2023/04/06/20220928-FosterCoveredBridge_ROW3714660823_UHD.jpg",
        "action_flag": 3,
        "change_message": ""
    }
},
{
    "model": "admin.logentry",
    "pk": 108,
    "fields": {
        "action_time": "2023-04-06T13:21:57.163Z",
        "user": 1,
        "content_type": 13,
        "object_id": "6",
        "object_repr": "media/2023/04/06/20220927-YellowstoneUGB_ROW3329155344_UHD.jpg",
        "action_flag": 3,
        "change_message": ""
    }
},
{
    "model": "admin.logentry",
    "pk": 109,
    "fields": {
        "action_time": "2023-04-06T13:21:57.165Z",
        "user": 1,
        "content_type": 13,
        "object_id": "5",
        "object_repr": "media/2023/04/06/2023-04-06-133700_IIW6Bze.webm",
        "action_flag": 3,
        "change_message": ""
    }
},
{
    "model": "admin.logentry",
    "pk": 110,
    "fields": {
        "action_time": "2023-04-06T13:21:57.167Z",
        "user": 1,
        "content_type": 13,
        "object_id": "4",
        "object_repr": "media/2023/04/06/2023-04-06-133700.webm",
        "action_flag": 3,
        "change_message": ""
    }
},
{
    "model": "admin.logentry",
    "pk": 111,
    "fields": {
        "action_time": "2023-04-06T13:21:57.168Z",
        "user": 1,
        "content_type": 13,
        "object_id": "3",
        "object_repr": "media/2023/04/06/20230326-WildAnza_ROW9424619205_UHD.jpg",
        "action_flag": 3,
        "change_message": ""
    }
},
{
    "model": "admin.logentry",
    "pk": 112,
    "fields": {
        "action_time": "2023-04-06T13:21:57.170Z",
        "user": 1,
        "content_type": 13,
        "object_id": "2",
        "object_repr": "media/2023/04/06/20230327-NYCClouds_ROW9479364107_UHD.jpg",
        "action_flag": 3,
        "change_message": ""
    }
},
{
    "model": "admin.logentry",
    "pk": 113,
    "fields": {
        "action_time": "2023-04-06T13:21:57.172Z",
        "user": 1,
        "content_type": 13,
        "object_id": "1",
        "object_repr": "media/2023/04/06/20230329-NuzzleManatee_ROW5271300722_UHD.jpg",
        "action_flag": 3,
        "change_message": ""
    }
},
{
    "model": "admin.logentry",
    "pk": 114,
    "fields": {
        "action_time": "2023-04-06T13:22:09.959Z",
        "user": 1,
        "content_type": 16,
        "object_id": "19",
        "object_repr": "19",
        "action_flag": 3,
        "change_message": ""
    }
},
{
    "model": "admin.logentry",
    "pk": 115,
    "fields": {
        "action_time": "2023-04-06T16:51:27.254Z",
        "user": 1,
        "content_type": 11,
        "object_id": "2",
        "object_repr": "+998993284668",
        "action_flag": 2,
        "change_message": "[{\"changed\": {\"fields\": [\"\\u0414\\u0430\\u0442\\u0430 \\u0440\\u043e\\u0436\\u0434\\u0435\\u043d\\u0438\\u044f\"]}}]"
    }
},
{
    "model": "admin.logentry",
    "pk": 116,
    "fields": {
        "action_time": "2023-04-06T16:52:34.309Z",
        "user": 1,
        "content_type": 15,
        "object_id": "46",
        "object_repr": "False",
        "action_flag": 3,
        "change_message": ""
    }
},
{
    "model": "auth.permission",
    "pk": 1,
    "fields": {
        "name": "Can add log entry",
        "content_type": 1,
        "codename": "add_logentry"
    }
},
{
    "model": "auth.permission",
    "pk": 2,
    "fields": {
        "name": "Can change log entry",
        "content_type": 1,
        "codename": "change_logentry"
    }
},
{
    "model": "auth.permission",
    "pk": 3,
    "fields": {
        "name": "Can delete log entry",
        "content_type": 1,
        "codename": "delete_logentry"
    }
},
{
    "model": "auth.permission",
    "pk": 4,
    "fields": {
        "name": "Can view log entry",
        "content_type": 1,
        "codename": "view_logentry"
    }
},
{
    "model": "auth.permission",
    "pk": 5,
    "fields": {
        "name": "Can add permission",
        "content_type": 2,
        "codename": "add_permission"
    }
},
{
    "model": "auth.permission",
    "pk": 6,
    "fields": {
        "name": "Can change permission",
        "content_type": 2,
        "codename": "change_permission"
    }
},
{
    "model": "auth.permission",
    "pk": 7,
    "fields": {
        "name": "Can delete permission",
        "content_type": 2,
        "codename": "delete_permission"
    }
},
{
    "model": "auth.permission",
    "pk": 8,
    "fields": {
        "name": "Can view permission",
        "content_type": 2,
        "codename": "view_permission"
    }
},
{
    "model": "auth.permission",
    "pk": 9,
    "fields": {
        "name": "Can add group",
        "content_type": 3,
        "codename": "add_group"
    }
},
{
    "model": "auth.permission",
    "pk": 10,
    "fields": {
        "name": "Can change group",
        "content_type": 3,
        "codename": "change_group"
    }
},
{
    "model": "auth.permission",
    "pk": 11,
    "fields": {
        "name": "Can delete group",
        "content_type": 3,
        "codename": "delete_group"
    }
},
{
    "model": "auth.permission",
    "pk": 12,
    "fields": {
        "name": "Can view group",
        "content_type": 3,
        "codename": "view_group"
    }
},
{
    "model": "auth.permission",
    "pk": 13,
    "fields": {
        "name": "Can add content type",
        "content_type": 4,
        "codename": "add_contenttype"
    }
},
{
    "model": "auth.permission",
    "pk": 14,
    "fields": {
        "name": "Can change content type",
        "content_type": 4,
        "codename": "change_contenttype"
    }
},
{
    "model": "auth.permission",
    "pk": 15,
    "fields": {
        "name": "Can delete content type",
        "content_type": 4,
        "codename": "delete_contenttype"
    }
},
{
    "model": "auth.permission",
    "pk": 16,
    "fields": {
        "name": "Can view content type",
        "content_type": 4,
        "codename": "view_contenttype"
    }
},
{
    "model": "auth.permission",
    "pk": 17,
    "fields": {
        "name": "Can add session",
        "content_type": 5,
        "codename": "add_session"
    }
},
{
    "model": "auth.permission",
    "pk": 18,
    "fields": {
        "name": "Can change session",
        "content_type": 5,
        "codename": "change_session"
    }
},
{
    "model": "auth.permission",
    "pk": 19,
    "fields": {
        "name": "Can delete session",
        "content_type": 5,
        "codename": "delete_session"
    }
},
{
    "model": "auth.permission",
    "pk": 20,
    "fields": {
        "name": "Can view session",
        "content_type": 5,
        "codename": "view_session"
    }
},
{
    "model": "auth.permission",
    "pk": 21,
    "fields": {
        "name": "Can add my user",
        "content_type": 6,
        "codename": "add_myuser"
    }
},
{
    "model": "auth.permission",
    "pk": 22,
    "fields": {
        "name": "Can change my user",
        "content_type": 6,
        "codename": "change_myuser"
    }
},
{
    "model": "auth.permission",
    "pk": 23,
    "fields": {
        "name": "Can delete my user",
        "content_type": 6,
        "codename": "delete_myuser"
    }
},
{
    "model": "auth.permission",
    "pk": 24,
    "fields": {
        "name": "Can view my user",
        "content_type": 6,
        "codename": "view_myuser"
    }
},
{
    "model": "auth.permission",
    "pk": 25,
    "fields": {
        "name": "Can add channel",
        "content_type": 7,
        "codename": "add_channel"
    }
},
{
    "model": "auth.permission",
    "pk": 26,
    "fields": {
        "name": "Can change channel",
        "content_type": 7,
        "codename": "change_channel"
    }
},
{
    "model": "auth.permission",
    "pk": 27,
    "fields": {
        "name": "Can delete channel",
        "content_type": 7,
        "codename": "delete_channel"
    }
},
{
    "model": "auth.permission",
    "pk": 28,
    "fields": {
        "name": "Can view channel",
        "content_type": 7,
        "codename": "view_channel"
    }
},
{
    "model": "auth.permission",
    "pk": 29,
    "fields": {
        "name": "Can add city",
        "content_type": 8,
        "codename": "add_city"
    }
},
{
    "model": "auth.permission",
    "pk": 30,
    "fields": {
        "name": "Can change city",
        "content_type": 8,
        "codename": "change_city"
    }
},
{
    "model": "auth.permission",
    "pk": 31,
    "fields": {
        "name": "Can delete city",
        "content_type": 8,
        "codename": "delete_city"
    }
},
{
    "model": "auth.permission",
    "pk": 32,
    "fields": {
        "name": "Can view city",
        "content_type": 8,
        "codename": "view_city"
    }
},
{
    "model": "auth.permission",
    "pk": 33,
    "fields": {
        "name": "Can add company detail",
        "content_type": 9,
        "codename": "add_companydetail"
    }
},
{
    "model": "auth.permission",
    "pk": 34,
    "fields": {
        "name": "Can change company detail",
        "content_type": 9,
        "codename": "change_companydetail"
    }
},
{
    "model": "auth.permission",
    "pk": 35,
    "fields": {
        "name": "Can delete company detail",
        "content_type": 9,
        "codename": "delete_companydetail"
    }
},
{
    "model": "auth.permission",
    "pk": 36,
    "fields": {
        "name": "Can view company detail",
        "content_type": 9,
        "codename": "view_companydetail"
    }
},
{
    "model": "auth.permission",
    "pk": 37,
    "fields": {
        "name": "Can add gender",
        "content_type": 10,
        "codename": "add_gender"
    }
},
{
    "model": "auth.permission",
    "pk": 38,
    "fields": {
        "name": "Can change gender",
        "content_type": 10,
        "codename": "change_gender"
    }
},
{
    "model": "auth.permission",
    "pk": 39,
    "fields": {
        "name": "Can delete gender",
        "content_type": 10,
        "codename": "delete_gender"
    }
},
{
    "model": "auth.permission",
    "pk": 40,
    "fields": {
        "name": "Can view gender",
        "content_type": 10,
        "codename": "view_gender"
    }
},
{
    "model": "auth.permission",
    "pk": 41,
    "fields": {
        "name": "Can add client",
        "content_type": 11,
        "codename": "add_client"
    }
},
{
    "model": "auth.permission",
    "pk": 42,
    "fields": {
        "name": "Can change client",
        "content_type": 11,
        "codename": "change_client"
    }
},
{
    "model": "auth.permission",
    "pk": 43,
    "fields": {
        "name": "Can delete client",
        "content_type": 11,
        "codename": "delete_client"
    }
},
{
    "model": "auth.permission",
    "pk": 44,
    "fields": {
        "name": "Can view client",
        "content_type": 11,
        "codename": "view_client"
    }
},
{
    "model": "auth.permission",
    "pk": 45,
    "fields": {
        "name": "Can add holiday",
        "content_type": 12,
        "codename": "add_holiday"
    }
},
{
    "model": "auth.permission",
    "pk": 46,
    "fields": {
        "name": "Can change holiday",
        "content_type": 12,
        "codename": "change_holiday"
    }
},
{
    "model": "auth.permission",
    "pk": 47,
    "fields": {
        "name": "Can delete holiday",
        "content_type": 12,
        "codename": "delete_holiday"
    }
},
{
    "model": "auth.permission",
    "pk": 48,
    "fields": {
        "name": "Can view holiday",
        "content_type": 12,
        "codename": "view_holiday"
    }
},
{
    "model": "auth.permission",
    "pk": 49,
    "fields": {
        "name": "Can add multiple image",
        "content_type": 13,
        "codename": "add_multipleimage"
    }
},
{
    "model": "auth.permission",
    "pk": 50,
    "fields": {
        "name": "Can change multiple image",
        "content_type": 13,
        "codename": "change_multipleimage"
    }
},
{
    "model": "auth.permission",
    "pk": 51,
    "fields": {
        "name": "Can delete multiple image",
        "content_type": 13,
        "codename": "delete_multipleimage"
    }
},
{
    "model": "auth.permission",
    "pk": 52,
    "fields": {
        "name": "Can view multiple image",
        "content_type": 13,
        "codename": "view_multipleimage"
    }
},
{
    "model": "auth.permission",
    "pk": 53,
    "fields": {
        "name": "Can add template for channel",
        "content_type": 14,
        "codename": "add_templateforchannel"
    }
},
{
    "model": "auth.permission",
    "pk": 54,
    "fields": {
        "name": "Can change template for channel",
        "content_type": 14,
        "codename": "change_templateforchannel"
    }
},
{
    "model": "auth.permission",
    "pk": 55,
    "fields": {
        "name": "Can delete template for channel",
        "content_type": 14,
        "codename": "delete_templateforchannel"
    }
},
{
    "model": "auth.permission",
    "pk": 56,
    "fields": {
        "name": "Can view template for channel",
        "content_type": 14,
        "codename": "view_templateforchannel"
    }
},
{
    "model": "auth.permission",
    "pk": 57,
    "fields": {
        "name": "Can add result",
        "content_type": 15,
        "codename": "add_result"
    }
},
{
    "model": "auth.permission",
    "pk": 58,
    "fields": {
        "name": "Can change result",
        "content_type": 15,
        "codename": "change_result"
    }
},
{
    "model": "auth.permission",
    "pk": 59,
    "fields": {
        "name": "Can delete result",
        "content_type": 15,
        "codename": "delete_result"
    }
},
{
    "model": "auth.permission",
    "pk": 60,
    "fields": {
        "name": "Can view result",
        "content_type": 15,
        "codename": "view_result"
    }
},
{
    "model": "auth.permission",
    "pk": 61,
    "fields": {
        "name": "Can add mailing commerce offer",
        "content_type": 16,
        "codename": "add_mailingcommerceoffer"
    }
},
{
    "model": "auth.permission",
    "pk": 62,
    "fields": {
        "name": "Can change mailing commerce offer",
        "content_type": 16,
        "codename": "change_mailingcommerceoffer"
    }
},
{
    "model": "auth.permission",
    "pk": 63,
    "fields": {
        "name": "Can delete mailing commerce offer",
        "content_type": 16,
        "codename": "delete_mailingcommerceoffer"
    }
},
{
    "model": "auth.permission",
    "pk": 64,
    "fields": {
        "name": "Can view mailing commerce offer",
        "content_type": 16,
        "codename": "view_mailingcommerceoffer"
    }
},
{
    "model": "auth.permission",
    "pk": 65,
    "fields": {
        "name": "Can add multiple video",
        "content_type": 17,
        "codename": "add_multiplevideo"
    }
},
{
    "model": "auth.permission",
    "pk": 66,
    "fields": {
        "name": "Can change multiple video",
        "content_type": 17,
        "codename": "change_multiplevideo"
    }
},
{
    "model": "auth.permission",
    "pk": 67,
    "fields": {
        "name": "Can delete multiple video",
        "content_type": 17,
        "codename": "delete_multiplevideo"
    }
},
{
    "model": "auth.permission",
    "pk": 68,
    "fields": {
        "name": "Can view multiple video",
        "content_type": 17,
        "codename": "view_multiplevideo"
    }
},
{
    "model": "contenttypes.contenttype",
    "pk": 1,
    "fields": {
        "app_label": "admin",
        "model": "logentry"
    }
},
{
    "model": "contenttypes.contenttype",
    "pk": 2,
    "fields": {
        "app_label": "auth",
        "model": "permission"
    }
},
{
    "model": "contenttypes.contenttype",
    "pk": 3,
    "fields": {
        "app_label": "auth",
        "model": "group"
    }
},
{
    "model": "contenttypes.contenttype",
    "pk": 4,
    "fields": {
        "app_label": "contenttypes",
        "model": "contenttype"
    }
},
{
    "model": "contenttypes.contenttype",
    "pk": 5,
    "fields": {
        "app_label": "sessions",
        "model": "session"
    }
},
{
    "model": "contenttypes.contenttype",
    "pk": 6,
    "fields": {
        "app_label": "accounts",
        "model": "myuser"
    }
},
{
    "model": "contenttypes.contenttype",
    "pk": 7,
    "fields": {
        "app_label": "accounts",
        "model": "channel"
    }
},
{
    "model": "contenttypes.contenttype",
    "pk": 8,
    "fields": {
        "app_label": "accounts",
        "model": "city"
    }
},
{
    "model": "contenttypes.contenttype",
    "pk": 9,
    "fields": {
        "app_label": "accounts",
        "model": "companydetail"
    }
},
{
    "model": "contenttypes.contenttype",
    "pk": 10,
    "fields": {
        "app_label": "accounts",
        "model": "gender"
    }
},
{
    "model": "contenttypes.contenttype",
    "pk": 11,
    "fields": {
        "app_label": "accounts",
        "model": "client"
    }
},
{
    "model": "contenttypes.contenttype",
    "pk": 12,
    "fields": {
        "app_label": "reminder",
        "model": "holiday"
    }
},
{
    "model": "contenttypes.contenttype",
    "pk": 13,
    "fields": {
        "app_label": "reminder",
        "model": "multipleimage"
    }
},
{
    "model": "contenttypes.contenttype",
    "pk": 14,
    "fields": {
        "app_label": "reminder",
        "model": "templateforchannel"
    }
},
{
    "model": "contenttypes.contenttype",
    "pk": 15,
    "fields": {
        "app_label": "reminder",
        "model": "result"
    }
},
{
    "model": "contenttypes.contenttype",
    "pk": 16,
    "fields": {
        "app_label": "reminder",
        "model": "mailingcommerceoffer"
    }
},
{
    "model": "contenttypes.contenttype",
    "pk": 17,
    "fields": {
        "app_label": "reminder",
        "model": "multiplevideo"
    }
},
{
    "model": "sessions.session",
    "pk": "m8lh6l8v6z728l77rc39vqhsokmz571y",
    "fields": {
        "session_data": ".eJxVjEEOwiAQRe_C2hCn4MC4dO8ZGmYAqRpISrsy3l2bdKHb_977LzWGdSnj2tM8TlGdFajD78ZBHqluIN5DvTUtrS7zxHpT9E67vraYnpfd_TsooZdvLQaQBiYP1oIxPkqko8VsIKNYhiFRTNZ5RAYWxzazT5nQoTkFyqTeH8eSN5M:1pmbhM:PQPVYudL24DlmamploOeDU69_OTrBLcbQIc0ztgJnvE",
        "expire_date": "2023-04-26T14:43:48.157Z"
    }
},
{
    "model": "sessions.session",
    "pk": "y5942rm72zc44s5s6ux48b91e0hqtu3j",
    "fields": {
        "session_data": ".eJxVjEEOwiAQRe_C2hCn4MC4dO8ZGmYAqRpISrsy3l2bdKHb_977LzWGdSnj2tM8TlGdFajD78ZBHqluIN5DvTUtrS7zxHpT9E67vraYnpfd_TsooZdvLQaQBiYP1oIxPkqko8VsIKNYhiFRTNZ5RAYWxzazT5nQoTkFyqTeH8eSN5M:1pkHjL:jqxQyel_sluM_eYp15WqXxb4-Q7cjvulTSWYy9L9_4Q",
        "expire_date": "2023-04-20T05:00:15.005Z"
    }
},
{
    "model": "accounts.gender",
    "pk": 1,
    "fields": {
        "name": "Мужчина"
    }
},
{
    "model": "accounts.gender",
    "pk": 2,
    "fields": {
        "name": "Женщина"
    }
},
{
    "model": "accounts.gender",
    "pk": 3,
    "fields": {
        "name": "Все"
    }
},
{
    "model": "accounts.city",
    "pk": 1,
    "fields": {
        "name": "Андижан"
    }
},
{
    "model": "accounts.city",
    "pk": 2,
    "fields": {
        "name": "Ферагана"
    }
},
{
    "model": "accounts.city",
    "pk": 3,
    "fields": {
        "name": "Наманган"
    }
},
{
    "model": "accounts.city",
    "pk": 4,
    "fields": {
        "name": "Самарканд"
    }
},
{
    "model": "accounts.city",
    "pk": 5,
    "fields": {
        "name": "Коканд"
    }
},
{
    "model": "accounts.channel",
    "pk": 1,
    "fields": {
        "name": "Телеграм"
    }
},
{
    "model": "accounts.companydetail",
    "pk": 1,
    "fields": {
        "name": "TravelTR",
        "address": "Uzbekistan street",
        "phone_number": "+998999951509",
        "email": "alisherovich98@gmail.com",
        "web_site": "http://127.0.0.1:8080/admin/accounts34534",
        "company_motto": "Всегда вместе, всегда За",
        "logo": ""
    }
},
{
    "model": "accounts.client",
    "pk": 1,
    "fields": {
        "full_name": "Раззаков Тимур Алишерович",
        "first_name": "Тимур",
        "last_name": "Раззаков",
        "father_name": "Алишерович",
        "email": "razzakov334@gmail.com",
        "phone_number": "+998999951509",
        "date_of_birth": "2023-04-06",
        "inter_passport": "AB9989997",
        "passport": "AA9989933",
        "gender": 1,
        "address": "Улица:Кларацеткин. Дом27/21",
        "city": 1,
        "channel": 1,
        "traveled": "Самарканд"
    }
},
{
    "model": "accounts.client",
    "pk": 2,
    "fields": {
        "full_name": "Леженкин Никита Игоревич",
        "first_name": "Никита",
        "last_name": "Леженкин",
        "father_name": "Игоревич",
        "email": "alisherovich998@gmail.com",
        "phone_number": "+998993284668",
        "date_of_birth": "2023-04-06",
        "inter_passport": "AB9989988",
        "passport": "AB9989777",
        "gender": 1,
        "address": "Куш-арык даха,дом27/21",
        "city": 1,
        "channel": 1,
        "traveled": "Наманган"
    }
},
{
    "model": "accounts.client",
    "pk": 3,
    "fields": {
        "full_name": "Обухов Вадим Анатольевич",
        "first_name": "Вадим",
        "last_name": "Обухов",
        "father_name": "Анатольевич",
        "email": "alisherovich99@gmail.com",
        "phone_number": "+998903018156",
        "date_of_birth": "2023-04-05",
        "inter_passport": "AB9989922",
        "passport": "AB9989770",
        "gender": 1,
        "address": "Куш-арык даха,дом27/21",
        "city": 2,
        "channel": 1,
        "traveled": "Андижан"
    }
},
{
    "model": "accounts.client",
    "pk": 4,
    "fields": {
        "full_name": "Кан Константин Владиславович",
        "first_name": "Константин",
        "last_name": "Кан",
        "father_name": "Владиславович",
        "email": "zadr93@gmail.com",
        "phone_number": "+998916852700",
        "date_of_birth": "2023-04-06",
        "inter_passport": "AB9989989",
        "passport": "AB9989997",
        "gender": 1,
        "address": "Кушарик Даха д. 27/21",
        "city": 2,
        "channel": 1,
        "traveled": "Андижан"
    }
},
{
    "model": "accounts.client",
    "pk": 5,
    "fields": {
        "full_name": "Раззакова Луиза Алишеровна",
        "first_name": "Луиза",
        "last_name": "Раззакова",
        "father_name": "Алишеровна",
        "email": "razzakova334@gmail.com",
        "phone_number": "+998937878016",
        "date_of_birth": "2023-04-26",
        "inter_passport": "AB9989933",
        "passport": "AA7999474",
        "gender": 2,
        "address": "Улица:Кларацеткин. Дом27/21",
        "city": 1,
        "channel": 1,
        "traveled": "Андижан"
    }
},
{
    "model": "accounts.myuser",
    "pk": 1,
    "fields": {
        "password": "pbkdf2_sha256$390000$hkFQC4JeVDzGf5m0krQZZ8$fzWcS2vDxaejNsVAcLMKODdZhXLMkiaX5vZn6xWYK0M=",
        "last_login": "2023-04-12T14:43:48.070Z",
        "email": "razzakov334@gmail.com",
        "user_name": "Razzakov_Timur",
        "is_active": true,
        "is_admin": true
    }
},
{
    "model": "accounts.myuser",
    "pk": 2,
    "fields": {
        "password": "pbkdf2_sha256$390000$rfeA4GHyEIiG5jNcsIQ6En$JyCLZRf3CF0Op0IVDmwJwTSowtL17x5slS+rejJp5+4=",
        "last_login": null,
        "email": "zadr9833@gmail.com",
        "user_name": "Тимур",
        "is_active": true,
        "is_admin": false
    }
},
{
    "model": "reminder.templateforchannel",
    "pk": 1,
    "fields": {
        "name": "День рождения",
        "channel": 1,
        "templates_for_massage": "{{image}}\r\nУважаемая {{first_name}} {{father_name}}\r\n{{message}}",
        "gender": 2
    }
},
{
    "model": "reminder.templateforchannel",
    "pk": 2,
    "fields": {
        "name": "День рождения",
        "channel": 1,
        "templates_for_massage": "{{image}}\r\nУважаемый {{first_name}} {{father_name}}\r\n{{message}}",
        "gender": 1
    }
},
{
    "model": "reminder.templateforchannel",
    "pk": 3,
    "fields": {
        "name": "Коммерческое предложение",
        "channel": 1,
        "templates_for_massage": "<image href=\"{{ photo }}\"></>\r\n{{message}}\r\n{{name}} \r\n{{link}} \r\n{{address}}\r\n{{phone_number}}\r\n{{email}}\r\n{{web_site}}",
        "gender": 3
    }
},
{
    "model": "reminder.templateforchannel",
    "pk": 4,
    "fields": {
        "name": "Праздники",
        "channel": 1,
        "templates_for_massage": "{{message}}",
        "gender": 1
    }
},
{
    "model": "reminder.templateforchannel",
    "pk": 5,
    "fields": {
        "name": "Праздники",
        "channel": 1,
        "templates_for_massage": "{{message}}",
        "gender": 2
    }
},
{
    "model": "reminder.templateforchannel",
    "pk": 6,
    "fields": {
        "name": "Праздники",
        "channel": 1,
        "templates_for_massage": "{{message}}",
        "gender": 3
    }
},
{
    "model": "reminder.holiday",
    "pk": 1,
    "fields": {
        "image": "holiday/2023/04/05/20230321-ColourDay_ROW6649031679_UHD.jpg",
        "name": "День Рождения",
        "date": null,
        "congratulation": "<p>&nbsp;</p>\r\n\r\n<p>Поздравляю с&nbsp;днем рождения! Желаю, чтобы здоровье было крепким, благополучие&nbsp;&mdash; вечным, удача&nbsp;&mdash; неизменной, а&nbsp;успех&nbsp;&mdash; постоянным! Пусть твой дом будет полон достатка, счастья, уюта, тепла, радости и&nbsp;смеха. Желаю, чтобы верные друзья всегда были рядом, а&nbsp;близкие люди наполняли жизнь любовью, заботой и&nbsp;спокойствием.</p>",
        "gender": 3
    }
},
{
    "model": "reminder.holiday",
    "pk": 2,
    "fields": {
        "image": "holiday/2023/04/05/20221006-BayofBiscay_ROW7713428720_UHD.jpg",
        "name": "8 марта",
        "date": "2023-04-06",
        "congratulation": "<p>&nbsp;</p>\r\n\r\n<p>Пусть весна подарит счастье,<br />\r\nНастроение и успех.<br />\r\nПусть обходят вас ненастья,<br />\r\nИ звучит почаще смех!<br />\r\n<br />\r\nНаслаждайтесь, улыбайтесь.<br />\r\nОптимизма и добра.<br />\r\nС праздником 8 Марта!<br />\r\nВы прекрасны, как всегда!</p>",
        "gender": 2
    }
},
{
    "model": "reminder.holiday",
    "pk": 3,
    "fields": {
        "image": "holiday/2023/04/05/20220929-JohnstonWater_ROW9826697684_UHD.jpg",
        "name": "Навруз",
        "date": "2023-04-06",
        "congratulation": "<p>&nbsp;</p>\r\n\r\n<p>Пусть весна подарит счастье,<br />\r\nНастроение и успех.<br />\r\nПусть обходят вас ненастья,<br />\r\nИ звучит почаще смех!<br />\r\n<br />\r\nНаслаждайтесь, улыбайтесь.<br />\r\nОптимизма и добра.<br />\r\nС праздником 8 Марта!<br />\r\nВы прекрасны, как всегда!</p>",
        "gender": 3
    }
},
{
    "model": "reminder.mailingcommerceoffer",
    "pk": 1,
    "fields": {
        "message": "<p>Тур в Сары-Челек 02-03 июля&nbsp;</p>\r\n\r\n<p>Направление тура: Фергана - Сары-Челек - Фергана.</p>\r\n\r\n<p>Продолжительность:2 дня/1 ночь&nbsp;</p>\r\n\r\n<p>Приглашаем вас отправиться в путешествие к одному из самых красивых озер в Средней Азии &mdash; Сары-Челек. Озеро расположено на территории одноименного национального парка на высоте 1940 метров. Это место с первозданной природой и удивительно красивыми пейзажами. Горная тайга, альпийские луга, цветущие долины и пестрые скалы производят незабываемое впечатление.</p>\r\n\r\n<p>День 1. Суббота. 02 июля.</p>\r\n\r\n<p>05.00.- Сбор на стоянке ТРЦ &quot;Фестиваль&quot;<br />\r\n05.30.- Выезд на границу с Кыргызстаном. Касансай-Баймак, Наманганская область.<br />\r\n08.00.- Прибытие на границу. Переход узбекско-кыргызской границы через КПП &quot;Касансай&quot;.<br />\r\n12.00.- Прибытие в Сары-Челекский биосферный заповедник. На территории почти 24 тысяч гектар раскинулись массивы реликтовых лесов грецкого ореха, арчи и цветные луга.<br />\r\n12:30.- Размещение в отеле на территории заповедника.&nbsp;<br />\r\n13.00.- Обед.<br />\r\n14:30.- Выезд на озеро Сары-Челек. Название озера переводится как &laquo;желтая чаша&raquo; из-за того, что осенью деревья вокруг приобретают желто-оранжевый цвет и отражаясь от водной глади, как бы &laquo;окрашивают&raquo; и само озеро. Длина озера около 7,5 км, а максимальная глубина 246 метров.<br />\r\nСвободное время для прогулок, купания и катания на катере.<br />\r\n18.00.- Возвращение в гостиницу. Ужин.</p>\r\n\r\n<p>День 2. Воскресенье. 03 июля.</p>\r\n\r\n<p>08.30.- Завтрак.&nbsp;<br />\r\n09.30.- Прогулка на лошадях или пешком до верхних озер.<br />\r\n12.30.- Обед и отдых на природе.<br />\r\n14.00.- Отправление на границу с Узбекистаном.<br />\r\n18.00.- Прибытие на границу с Узбекистаном. Переход кыргызско-узбекской границы через КПП &quot;Касансай&quot;.&nbsp;<br />\r\n19.00.- Выезд в Фергану&nbsp;<br />\r\n21.30.-Прибытие в Фергану.</p>\r\n\r\n<p>Окончание экскурсионной программы.</p>\r\n\r\n<p>Стоимость туристической программы на 1 человека - 1 225 000 сум. При группе не менее 20-ти человек.</p>\r\n\r\n<p>В стоимость программы включено:<br />\r\n- Транспорт по всему маршруту (автобус Исузу, микроавтобусы);<br />\r\n- Проживание в гостевых домах (2х-3х местное размещение);<br />\r\n- Питание (2 обеда, 1 завтрак, 1 ужин);&nbsp;<br />\r\n- Услуги сопровождающего гида;<br />\r\n- Входные билеты в заповедник;<br />\r\n- Медицинская страховка;<br />\r\n- Минеральная вода.</p>\r\n\r\n<p>Катание на лошадях и прогулка на катере оплачиваются дополнительно. Катание на катере только с разрешения администрации заповедника.</p>\r\n\r\n<p>Примечание:<br />\r\nДля совершения турпоездки в Сары-Челек нужно при себе иметь загранпаспорт.</p>\r\n\r\n<p>Во время экскурсионной программы будет проведён конкурс, победителя которого ждёт приз от компании &laquo;KadRus VIP Travel W&raquo;.</p>\r\n\r\n<p>Контактное лицо: Мадгазиева Гульнара +998902743505 ; +998973063505</p>",
        "link": "https://mediastp.com/pG7jdymM",
        "company_detail": 1,
        "created_at": "2023-04-06T05:07:54.743Z",
        "city": null,
        "sending_status": "True",
        "image": [],
        "video": []
    }
},
{
    "model": "reminder.mailingcommerceoffer",
    "pk": 20,
    "fields": {
        "message": "<p>test-test</p>",
        "link": "https://mediastp.com/pG7jdymM789gdfsgfadsf",
        "company_detail": 1,
        "created_at": "2023-04-06T13:22:21.314Z",
        "city": 1,
        "sending_status": "True",
        "image": [
            32,
            33
        ],
        "video": [
            5
        ]
    }
},
{
    "model": "reminder.mailingcommerceoffer",
    "pk": 21,
    "fields": {
        "message": "<p>test-test</p>",
        "link": "https://mediastp.com/pG7jdymM789gdfsgfadsf345",
        "company_detail": 1,
        "created_at": "2023-04-06T13:27:35.248Z",
        "city": 1,
        "sending_status": "False",
        "image": [
            31
        ],
        "video": [
            1,
            3
        ]
    }
},
{
    "model": "reminder.multipleimage",
    "pk": 26,
    "fields": {
        "image": "media/2023/04/06/20220929-JohnstonWater_ROW9826697684_UHD_0zeBzOZ.jpg"
    }
},
{
    "model": "reminder.multipleimage",
    "pk": 27,
    "fields": {
        "image": ""
    }
},
{
    "model": "reminder.multipleimage",
    "pk": 28,
    "fields": {
        "image": "media/2023/04/06/20220929-JohnstonWater_ROW9826697684_UHD_tGB3Gs6.jpg"
    }
},
{
    "model": "reminder.multipleimage",
    "pk": 29,
    "fields": {
        "image": "media/2023/04/06/20220928-FosterCoveredBridge_ROW3714660823_UHD.jpg"
    }
},
{
    "model": "reminder.multipleimage",
    "pk": 30,
    "fields": {
        "image": "media/2023/04/06/20220929-JohnstonWater_ROW9826697684_UHD_OI7RFZk.jpg"
    }
},
{
    "model": "reminder.multipleimage",
    "pk": 31,
    "fields": {
        "image": "media/2023/04/06/20220929-JohnstonWater_ROW9826697684_UHD_Sa7LkJT.jpg"
    }
},
{
    "model": "reminder.multipleimage",
    "pk": 32,
    "fields": {
        "image": "media/2023/04/06/20220928-FosterCoveredBridge_ROW3714660823_UHD_AKmSd7O.jpg"
    }
},
{
    "model": "reminder.multipleimage",
    "pk": 33,
    "fields": {
        "image": "media/2023/04/06/20220929-JohnstonWater_ROW9826697684_UHD_PxoI9MV.jpg"
    }
},
{
    "model": "reminder.multiplevideo",
    "pk": 1,
    "fields": {
        "video": "video/doc_2023-04-06_15-01-50_yodHZgi.mp4"
    }
},
{
    "model": "reminder.multiplevideo",
    "pk": 2,
    "fields": {
        "video": "video/doc_2023-04-06_15-01-50_yHIjyR3.mp4"
    }
},
{
    "model": "reminder.multiplevideo",
    "pk": 3,
    "fields": {
        "video": "video/video_2023-04-06_19-35-45.mp4"
    }
},
{
    "model": "reminder.multiplevideo",
    "pk": 4,
    "fields": {
        "video": "video/video_2023-04-06_19-35-45_EbxqvQy.mp4"
    }
},
{
    "model": "reminder.multiplevideo",
    "pk": 5,
    "fields": {
        "video": "video/video_2023-04-06_19-35-45_Zzowpti.mp4"
    }
},
{
    "model": "reminder.result",
    "pk": 34,
    "fields": {
        "process_date": "2023-04-05T18:33:40.608Z",
        "created_at": "2023-04-05T17:04:00.152Z",
        "channels": 1,
        "image": 1,
        "message": "\nУважаемый Никита Игоревич\n<p>&nbsp;</p>\r\n\r\n<p>Поздравляю с&nbsp;днем рождения! Желаю, чтобы здоровье было крепким, благополучие&nbsp;&mdash; вечным, удача&nbsp;&mdash; неизменной, а&nbsp;успех&nbsp;&mdash; постоянным! Пусть твой дом будет полон достатка, счастья, уюта, тепла, радости и&nbsp;смеха. Желаю, чтобы верные друзья всегда были рядом, а&nbsp;близкие люди наполняли жизнь любовью, заботой и&nbsp;спокойствием.</p>",
        "sending_status": "True",
        "client": [
            2
        ]
    }
},
{
    "model": "reminder.result",
    "pk": 35,
    "fields": {
        "process_date": "2023-04-05T18:33:40.608Z",
        "created_at": "2023-04-05T17:04:00.164Z",
        "channels": 1,
        "image": 1,
        "message": "\nУважаемый Вадим Анатольевич\n<p>&nbsp;</p>\r\n\r\n<p>Поздравляю с&nbsp;днем рождения! Желаю, чтобы здоровье было крепким, благополучие&nbsp;&mdash; вечным, удача&nbsp;&mdash; неизменной, а&nbsp;успех&nbsp;&mdash; постоянным! Пусть твой дом будет полон достатка, счастья, уюта, тепла, радости и&nbsp;смеха. Желаю, чтобы верные друзья всегда были рядом, а&nbsp;близкие люди наполняли жизнь любовью, заботой и&nbsp;спокойствием.</p>",
        "sending_status": "True",
        "client": [
            3
        ]
    }
},
{
    "model": "reminder.result",
    "pk": 45,
    "fields": {
        "process_date": "2023-04-12T14:41:22.085Z",
        "created_at": "2023-04-05T19:07:00.081Z",
        "channels": null,
        "image": 2,
        "message": "<p>&nbsp;</p>\r\n\r\n<p>Пусть весна подарит счастье,<br />\r\nНастроение и успех.<br />\r\nПусть обходят вас ненастья,<br />\r\nИ звучит почаще смех!<br />\r\n<br />\r\nНаслаждайтесь, улыбайтесь.<br />\r\nОптимизма и добра.<br />\r\nС праздником 8 Марта!<br />\r\nВы прекрасны, как всегда!</p>",
        "sending_status": "True",
        "client": [
            5
        ]
    }
},
{
    "model": "reminder.result",
    "pk": 47,
    "fields": {
        "process_date": "2023-04-12T14:41:22.085Z",
        "created_at": "2023-04-06T16:53:05.399Z",
        "channels": 1,
        "image": 1,
        "message": "\nУважаемый Тимур Алишерович\n<p>&nbsp;</p>\r\n\r\n<p>Поздравляю с&nbsp;днем рождения! Желаю, чтобы здоровье было крепким, благополучие&nbsp;&mdash; вечным, удача&nbsp;&mdash; неизменной, а&nbsp;успех&nbsp;&mdash; постоянным! Пусть твой дом будет полон достатка, счастья, уюта, тепла, радости и&nbsp;смеха. Желаю, чтобы верные друзья всегда были рядом, а&nbsp;близкие люди наполняли жизнь любовью, заботой и&nbsp;спокойствием.</p>",
        "sending_status": "True",
        "client": [
            1
        ]
    }
},
{
    "model": "reminder.result",
    "pk": 48,
    "fields": {
        "process_date": "2023-04-12T14:41:22.085Z",
        "created_at": "2023-04-06T16:53:05.400Z",
        "channels": null,
        "image": 2,
        "message": "<p>&nbsp;</p>\r\n\r\n<p>Пусть весна подарит счастье,<br />\r\nНастроение и успех.<br />\r\nПусть обходят вас ненастья,<br />\r\nИ звучит почаще смех!<br />\r\n<br />\r\nНаслаждайтесь, улыбайтесь.<br />\r\nОптимизма и добра.<br />\r\nС праздником 8 Марта!<br />\r\nВы прекрасны, как всегда!</p>",
        "sending_status": "True",
        "client": [
            5
        ]
    }
},
{
    "model": "reminder.result",
    "pk": 49,
    "fields": {
        "process_date": "2023-04-12T14:41:22.085Z",
        "created_at": "2023-04-06T16:53:05.413Z",
        "channels": null,
        "image": 3,
        "message": "<p>&nbsp;</p>\r\n\r\n<p>Пусть весна подарит счастье,<br />\r\nНастроение и успех.<br />\r\nПусть обходят вас ненастья,<br />\r\nИ звучит почаще смех!<br />\r\n<br />\r\nНаслаждайтесь, улыбайтесь.<br />\r\nОптимизма и добра.<br />\r\nС праздником 8 Марта!<br />\r\nВы прекрасны, как всегда!</p>",
        "sending_status": "True",
        "client": [
            1,
            3,
            4,
            5,
            2
        ]
    }
},
{
    "model": "reminder.result",
    "pk": 50,
    "fields": {
        "process_date": "2023-04-12T14:41:22.085Z",
        "created_at": "2023-04-06T16:53:05.415Z",
        "channels": 1,
        "image": 1,
        "message": "\nУважаемый Константин Владиславович\n<p>&nbsp;</p>\r\n\r\n<p>Поздравляю с&nbsp;днем рождения! Желаю, чтобы здоровье было крепким, благополучие&nbsp;&mdash; вечным, удача&nbsp;&mdash; неизменной, а&nbsp;успех&nbsp;&mdash; постоянным! Пусть твой дом будет полон достатка, счастья, уюта, тепла, радости и&nbsp;смеха. Желаю, чтобы верные друзья всегда были рядом, а&nbsp;близкие люди наполняли жизнь любовью, заботой и&nbsp;спокойствием.</p>",
        "sending_status": "True",
        "client": [
            4
        ]
    }
},
{
    "model": "reminder.result",
    "pk": 51,
    "fields": {
        "process_date": "2023-04-12T14:41:22.085Z",
        "created_at": "2023-04-06T16:53:05.424Z",
        "channels": 1,
        "image": 1,
        "message": "\nУважаемый Никита Игоревич\n<p>&nbsp;</p>\r\n\r\n<p>Поздравляю с&nbsp;днем рождения! Желаю, чтобы здоровье было крепким, благополучие&nbsp;&mdash; вечным, удача&nbsp;&mdash; неизменной, а&nbsp;успех&nbsp;&mdash; постоянным! Пусть твой дом будет полон достатка, счастья, уюта, тепла, радости и&nbsp;смеха. Желаю, чтобы верные друзья всегда были рядом, а&nbsp;близкие люди наполняли жизнь любовью, заботой и&nbsp;спокойствием.</p>",
        "sending_status": "True",
        "client": [
            2
        ]
    }
}
]
